Номер,Дата,ссылка
487,2020-12-24,https://pravo.by/upload/docs/op/P32000487_1608843600.pdf
364,2020-10-15
213,2020-06-15,https://www.pravo.by/upload/docs/op/P32000213_1592341200.pdf
41,2020-02-06,https://pravo.by/upload/docs/op/P32000041_1581109200.pdf
366,2019-10-03
209,2019-05-31
38,2019-02-04
348,2018-10-22
348,2018-08-22
88,2018-02-27
406,2017-11-14
78,2017-08-09
268,2017-07-31
268,2017-05-31
185,2017-05-26
185,2017-05-25
77,2017-03-09
419,2016-11-15
297,2016-08-01,https://www.pravo.by/upload/docs/op/P31600297_1470171600.pdf
153,2016-04-21
510,2015-12-22,https://www.pravo.by/upload/docs/op/P31500510_1450904400.pdf
377,2015-08-31
299,2015-07-02
196,2015-05-07
53,2015-02-11
502,2014-10-23
297,2014-06-26
183,2014-04-23
587,2013-12-31
364,2013-08-20
259,2013-06-05
130,2013-03-14
24,2013-01-14
525,2012-11-19
404,2011-09-08
576,2010-11-09
565,2008-10-16
65,2008-02-08
167,2007-04-05
149,2007-03-28
712,2006-12-05
506,2006-08-08
345,2005-08-04
230,2005-05-16
479,2004-09-29
176,2004-04-08
10,2004-01-14
524,2003-11-19
69,2003-02-13
601,2002-12-10
540,2002-10-31
250,2002-05-20
504,2001-09-14
239,2001-05-04
0,2000-01-01
