1410,list_2011
1410,list_2017
740,list_2011
740,list_2017
733,list_2011
733,list_2017
743,list_2011
743,list_2017
753,list_2011
753,list_2017
729,list_2011
729,list_2017
1297,list_2011
1297,list_2017
759,list_2011
759,list_2017
725,list_2011
725,list_2017
1170,list_2011
1170,list_2017
1160,list_2011
1160,list_2017
1148,list_2011
751,list_2011
1166,list_2011
1166,list_2017
724,list_2011
724,list_2017
1168,list_2011
1115,list_2011
1179,list_2011
1198,list_2011
723,list_2011
1261,list_2011
1280,list_2017
1390,list_2017
1374,list_2017
1134,list_2011
1293,top
1218,top
1253,top
1416,top
1123,top
1166,top
1300,top
1241,top
1222,top
1251,top
